player_id,query_name,source_recruit_id,board_position_group,board_category,maxpreps_url,maxpreps_pass_gp,maxpreps_c,maxpreps_att,maxpreps_pass_yds,maxpreps_c_pct,maxpreps_pass_avg,maxpreps_pass_y_g,maxpreps_c_g,maxpreps_pass_td,maxpreps_td_g,maxpreps_int,maxpreps_pass_lng,maxpreps_qbr,maxpreps_rush_gp,maxpreps_car,maxpreps_rush_yds,maxpreps_rush_avg,maxpreps_rush_y_g,maxpreps_rush_lng,maxpreps_rush_100_plus,maxpreps_rush_td,maxpreps_rec_gp,maxpreps_rec,maxpreps_rec_yds,maxpreps_rec_avg,maxpreps_rec_y_g,maxpreps_rec_lng,maxpreps_rec_td,maxpreps_tackle_gp,maxpreps_solo,maxpreps_asst,maxpreps_total_tackles,maxpreps_t_g,maxpreps_tfl,maxpreps_sack_gp,maxpreps_sacks,maxpreps_ydl,maxpreps_s_g,maxpreps_hurs,maxpreps_gp,maxpreps_ints,maxpreps_pd
85052556,Kavian Bryant,84081373.0,QB,QB,https://www.maxpreps.com/tx/palestine/westwood-panthers/athletes/kavian-bryant/football/stats/?careerid=knf1dle4bl8h1,12.0,201.0,277.0,3407.0,0.726,17.0,283.9,16.8,37.0,3.1,1.0,66.0,151.9,12.0,95.0,740.0,7.8,61.7,48.0,1.0,7.0,,,,,,,,,,,,,,,,,,,,,
85046743,Peyton Houston,58938760.0,QB,QB,https://www.maxpreps.com/la/shreveport/evangel-christian-academy-eagles/athletes/peyton-houston/football/stats/?careerid=ug8fa4eni6i99,1.0,31.0,53.0,400.0,0.585,12.9,400.0,31.0,3.0,3.0,,46.0,101.1,1.0,17.0,103.0,6.1,103.0,27.0,1.0,2.0,,,,,,,,,,,,,,,,,,,,,
85052093,Brady Edmunds,64208588.0,QB,QB,https://www.maxpreps.com/ca/huntington-beach/huntington-beach-oilers/athletes/brady-edmunds/football/stats/?careerid=qupj49obafal5,4.0,57.0,82.0,827.0,0.695,14.5,206.8,14.3,11.0,2.8,2.0,82.0,131.5,4.0,20.0,71.0,3.6,17.8,16.0,0.0,,,,,,,,,,,,,,,,,,,,,,
85063136,Ty Knutson,95136834.0,QB,QB,https://www.maxpreps.com/tx/spring-branch/smithson-valley-rangers/athletes/ty-knutson/football/stats/?careerid=30g836ijid8vf,4.0,42.0,74.0,593.0,0.568,14.1,148.3,10.5,8.0,2.0,3.0,,101.9,4.0,10.0,2.0,0.2,0.5,,0.0,0.0,,,,,,,,,,,,,,,,,,,,,
85055194,Keegan Croucher,77273420.0,QB,QB,https://www.maxpreps.com/tn/chattanooga/baylor-red-raiders/athletes/keegan-croucher/football/stats/?careerid=qvef1vhpfla33,1.0,9.0,14.0,143.0,0.643,15.9,143.0,9.0,0.0,0.0,0.0,,98.2,1.0,5.0,-8.0,-1.6,-8.0,,0.0,0.0,,,,,,,,,,,,,,,,,,,,,
85057258,Gunner Rivers,66186414.0,QB,QB,https://www.maxpreps.com/al/fairhope/st-michael-catholic-cardinals/athletes/gunner-rivers/football/stats/?careerid=b1h9tv06rm377,1.0,4.0,5.0,85.0,0.8,21.3,85.0,4.0,1.0,1.0,0.0,35.0,160.4,1.0,1.0,7.0,7.0,7.0,7.0,0.0,,,,,,,,,,,,,,,,,,,,,,
85056227,Kael Snyder,84078906.0,QB,QB,https://www.maxpreps.com/az/gilbert/perry-pumas/athletes/kael-snyder/football/stats/?careerid=29ns18mn1uhi2,2.0,19.0,20.0,345.0,0.95,18.2,172.5,9.5,6.0,3.0,0.0,41.0,172.9,2.0,3.0,20.0,6.7,10.0,10.0,0.0,2.0,,,,,,,,,,,,,,,,,,,,,
85055286,Israel Abrams,77273563.0,QB,QB,https://www.maxpreps.com/il/lombard/montini-catholic-broncos/athletes/israel-abrams/football/stats/?careerid=pteu5j8g135ee,14.0,233.0,340.0,4072.0,0.685,17.5,290.9,16.6,40.0,2.9,6.0,90.0,141.0,14.0,82.0,224.0,2.7,16.0,29.0,0.0,10.0,,,,,,,,,,,,,,,,,,,,,
85055908,Malachi Zeigler,77268500.0,QB,QB,https://www.maxpreps.com/la/benton/benton-tigers/athletes/malachi-zeigler/football/stats/?careerid=p185tuolvvvj3,2.0,24.0,37.0,300.0,0.649,12.5,150.0,12.0,4.0,2.0,0.0,35.0,126.0,2.0,24.0,152.0,6.3,76.0,57.0,1.0,2.0,,,,,,,,,,,,,,,,,,,,,
85063714,Will Mencl,100290417.0,QB,QB,https://www.maxpreps.com/az/chandler/chandler-wolves/athletes/will-mencl/football/stats/?careerid=4nj2129tcp2bb,3.0,67.0,105.0,1101.0,0.638,16.4,367.0,22.3,11.0,3.7,4.0,74.0,118.0,3.0,13.0,55.0,4.2,18.3,9.0,0.0,1.0,,,,,,,,,,,,,,,,,,,,,
85053312,Carson White,73224117.0,QB,QB,https://www.maxpreps.com/tx/iowa-colony/iowa-colony-pioneers/athletes/carson-white/football/stats/?careerid=9a1n4vv43km99,12.0,114.0,181.0,1963.0,0.63,17.2,163.6,9.5,32.0,2.7,6.0,95.0,125.5,12.0,115.0,678.0,5.9,56.5,35.0,2.0,15.0,,,,,,,,,,,,,,,,,,,,,
85057259,Sladen Shack,59604172.0,QB,QB,https://www.maxpreps.com/ms/brandon/brandon-bulldogs/athletes/sladen-shack/football/stats/?careerid=dmuhg9c834k88,13.0,193.0,299.0,2586.0,0.645,13.4,198.9,14.8,24.0,1.8,6.0,74.0,110.3,13.0,20.0,51.0,2.6,3.9,,0.0,,,,,,,,,,,,,,,,,,,,,,
85051910,Peter Bourque,77267793.0,QB,QB,https://www.maxpreps.com/ma/marion/tabor-academy-seawolves/athletes/peter-bourque/football/stats/?careerid=o9hesfo6slhk4,2.0,17.0,29.0,276.0,0.586,16.2,138.0,8.5,1.0,0.5,1.0,37.0,87.7,2.0,14.0,87.0,6.2,43.5,15.0,0.0,,,,,,,,,,,,,,,,,,,,,,
85054724,Luke Babin,84080379.0,QB,QB,https://www.maxpreps.com/tx/mt-belvieu/barbers-hill-eagles/athletes/luke-babin/football/stats/?careerid=q2tr0jrrtoscc,2.0,22.0,32.0,399.0,0.688,18.1,199.5,11.0,7.0,3.5,1.0,,137.9,2.0,10.0,52.0,5.2,26.0,,0.0,0.0,,,,,,,,,,,,,,,,,,,,,
85046341,Trent Seaborn,52055080.0,QB,QB,https://www.maxpreps.com/al/alabaster/thompson-warriors/athletes/trent-seaborn/football/stats/?careerid=ie4kvu21178td,4.0,77.0,101.0,1252.0,0.762,16.3,313.0,19.3,16.0,4.0,,78.0,156.8,14.0,49.0,108.0,2.2,7.7,15.0,0.0,5.0,,,,,,,,,,,,,,,,,,,,,
85057498,Davin Davidson,84078369.0,QB,QB,https://www.maxpreps.com/fl/sarasota/cardinal-mooney-cougars/athletes/davin-davidson/football/stats/?careerid=cisa43blt0mm6,3.0,45.0,75.0,629.0,0.6,14.0,209.7,15.0,5.0,1.7,4.0,85.0,87.0,3.0,6.0,22.0,3.7,7.3,,0.0,1.0,,,,,,,,,,,,,,,,,,,,,
85054282,SaRod Baker,77598543.0,RB,RB IS,https://www.maxpreps.com/tx/desoto/desoto-fighting-eagles/athletes/sarod-baker/football/stats/?careerid=3onronb7r8d77,,,,,,,,,,,,,,2.0,39.0,179.0,4.6,89.5,50.0,0.0,1.0,2.0,3.0,23.0,7.7,11.5,11.0,0.0,,,,,,,,,,,,,,
85050650,Lathan Whisenton,77269155.0,RB,RB IS,https://www.maxpreps.com/tx/waco/midway-panthers/athletes/lathan-whisenton/football/stats/?careerid=ehajmqv2nqrl5,,,,,,,,,,,,,,2.0,26.0,229.0,8.8,114.5,45.0,1.0,3.0,2.0,2.0,20.0,10.0,10.0,11.0,,,,,,,,,,,,,,,
85052280,CaDarius McMiller,77267342.0,RB,RB IS,https://www.maxpreps.com/tx/tyler/john-tyler-lions/athletes/cadarius-mcmiller/football/stats/?careerid=lb8e3aed458aa,,,,,,,,,,,,,,3.0,78.0,577.0,7.4,192.3,,3.0,6.0,11.0,11.0,186.0,16.9,16.9,,3.0,,,,,,,,,,,,,,
85057095,Jayshon Gibson,84078722.0,RB,RB IS,https://www.maxpreps.com/tx/north-richland-hills/richland-royals/athletes/jayshon-gibson/football/stats/?careerid=3j5q0n0fgb988,,,,,,,,,,,,,,3.0,44.0,399.0,9.1,133.0,75.0,3.0,8.0,3.0,4.0,50.0,12.5,16.7,18.0,,,,,,,,,,,,,,,
85077783,Brennen Lacey,114364881.0,RB,RB IS,https://www.maxpreps.com/tx/frisco/frisco-raccoons/athletes/brennen-lacey/football/stats/?careerid=a11isav9iccj3,,,,,,,,,,,,,,3.0,29.0,260.0,9.0,86.7,60.0,1.0,4.0,3.0,1.0,8.0,8.0,2.7,8.0,,,,,,,,,,,,,,,
85067126,Javian Jones-Priest,100835773.0,RB,RB IS,https://www.maxpreps.com/tx/arlington/martin-warriors/athletes/javian-jones-priest/football/stats/?careerid=trsd7jillk599,,,,,,,,,,,,,,3.0,58.0,399.0,6.9,133.0,72.0,2.0,8.0,3.0,6.0,70.0,11.7,23.3,29.0,,,,,,,,,,,,,,,
85073529,Keldrid Ben,109128047.0,RB,RB IS,https://www.maxpreps.com/tx/montgomery/montgomery-bears/athletes/keldrid-ben/football/stats/?careerid=en2muvq40i6ff,,,,,,,,,,,,,,2.0,25.0,256.0,10.2,128.0,70.0,1.0,2.0,2.0,3.0,68.0,22.7,34.0,69.0,1.0,,,,,,,,,,,,,,
85059567,David Gabriel Georges,90967354.0,RB,RB OOS,https://www.maxpreps.com/tn/chattanooga/baylor-red-raiders/athletes/david-gabriel-georges/football/stats/?careerid=emo7k4432b0rb,,,,,,,,,,,,,,4.0,75.0,750.0,10.0,187.5,,3.0,12.0,4.0,6.0,73.0,12.2,18.3,,0.0,,,,,,,,,,,,,,
85059493,Noah Roberts,77268459.0,RB,RB OOS,https://www.maxpreps.com/az/chandler/basha-bears/athletes/noah-roberts/football/stats/?careerid=1num8tnfescqa,,,,,,,,,,,,,,2.0,42.0,153.0,3.6,76.5,40.0,1.0,1.0,2.0,8.0,71.0,8.9,35.5,21.0,1.0,,,,,,,,,,,,,,
85051267,Tyson Robinson,77269619.0,RB,RB OOS,https://www.maxpreps.com/ms/brandon/brandon-bulldogs/athletes/tyson-robinson/football/stats/?careerid=mmd439671uv99,,,,,,,,,,,,,,3.0,46.0,310.0,6.7,103.3,,1.0,3.0,3.0,3.0,49.0,16.3,16.3,,1.0,,,,,,,,,,,,,,
85057149,Caden Waye,98879458.0,RB,RB OOS,https://www.maxpreps.com/ga/mcdonough/ola-mustangs/athletes/caden-waye/football/stats/?careerid=v0i55f9jmbd88,,,,,,,,,,,,,,4.0,52.0,441.0,8.5,110.3,69.0,3.0,8.0,4.0,4.0,87.0,21.8,21.8,43.0,,,,,,,,,,,,,,,
85049358,Brayden Tyson,68306364.0,RB,RB OOS,https://www.maxpreps.com/ga/snellville/brookwood-broncos/athletes/brayden-tyson/football/stats/?careerid=8kd7i6ip0gt11,,,,,,,,,,,,,,3.0,46.0,332.0,7.2,110.7,16.0,2.0,7.0,11.0,13.0,201.0,15.5,18.3,22.0,1.0,,,,,,,,,,,,,,
85051371,Myson Johnson-Cook,68532101.0,RB,RB OOS,https://www.maxpreps.com/il/east-st-louis/east-st-louis-flyers/athletes/myson-cook-johnson/football/stats/?careerid=g0cc9akgrr5k4,,,,,,,,,,,,,,12.0,126.0,1341.0,10.6,111.8,70.0,6.0,20.0,12.0,3.0,45.0,15.0,3.8,20.0,0.0,,,,,,,,,,,,,,
85051912,Tranard Roberts,77271594.0,RB,RB OOS,https://www.maxpreps.com/fl/the-villages/the-villages-charter-buffalo/athletes/tranard-roberts/football/stats/?careerid=fnk1uv8t1asi2,,,,,,,,,,,,,,2.0,24.0,92.0,3.8,46.0,10.0,0.0,,2.0,1.0,0.0,0.0,0.0,0.0,,,,,,,,,,,,,,,
85057211,Amir Brown,87534490.0,RB,RB OOS,https://www.maxpreps.com/nc/rolesville/rolesville-rams/athletes/amir-brown/football/stats/?careerid=ns6o8629i4hrb,,,,,,,,,,,,,,2.0,37.0,120.0,3.2,60.0,,0.0,,2.0,4.0,27.0,6.8,13.5,,1.0,,,,,,,,,,,,,,
85057150,Nigel Newkirk,84080077.0,RB,RB OOS,https://www.maxpreps.com/ga/gainesville/gainesville-red-elephants/athletes/nigel-newkirk/football/stats/?careerid=p377cnd7v8sue,,,,,,,,,,,,,,14.0,184.0,1496.0,8.1,106.9,,9.0,19.0,14.0,12.0,128.0,10.7,9.1,,1.0,,,,,,,,,,,,,,
85062515,Ismael Camara,98160110.0,OT,OT,https://www.maxpreps.com/tx/gilmer/gilmer-buckeyes/athletes/ismael-camara/football/stats/?careerid=iepf813ehlrl5,,,,,,,,,,,,,,,,,,,,,,,,,,,,,2.0,,2.0,2.0,1.0,,2.0,,,,,,,
85055149,Jimmy Kalis,77271903.0,OT,OT,https://www.maxpreps.com/pa/pittsburgh/central-catholic-vikings/athletes/jimmy-kalis/football/stats/?careerid=cva3jjkpvo511,,,,,,,,,,,,,,,,,,,,,,,,,,,,,1.0,1.0,0.0,1.0,1.0,0.0,,,,,,,,
85062519,Kennedy Brown,90804216.0,OT,OT,https://www.maxpreps.com/tx/kingwood/kingwood-mustangs/athletes/kennedy-brown/football/stats/?careerid=1p7hsc279k0h1,,,,,,,,,,,,,,,,,,,,,,,,,,,,,,,,,,,,,,,,,,
85055232,Jasper Ngokwere,80132428.0,OT,OT,https://www.maxpreps.com/tx/richardson/richardson-eagles/athletes/jasper-ngokwere/football/stats/?careerid=71mnc3ti74bbb,,,,,,,,,,,,,,,,,,,,,,,,,,,,,,,,,,,,,,,,,,
85052268,Caden Moss,77603017.0,OT,OT,https://www.maxpreps.com/ms/jackson/jackson-academy-raiders/athletes/caden-moss/football/stats/?careerid=7erda2jqep3l5,,,,,,,,,,,,,,,,,,,,,,,,,,,,,3.0,1.0,0.0,1.0,0.3,,,,,,,,,
85058631,Mark Matthews,77269413.0,OT,OT,https://www.maxpreps.com/fl/fort-lauderdale/st-thomas-aquinas-raiders/athletes/mark-matthews/football/stats/?careerid=cvpvchsj98m55,,,,,,,,,,,,,,,,,,,,,,,,,,,,,11.0,,2.0,2.0,0.2,,5.0,1.0,5.0,0.2,,,,
85063153,Hudson Whitenight,90795086.0,OT,OT,https://www.maxpreps.com/tx/dripping-springs/dripping-springs-tigers/athletes/hudson-whitenight/football/stats/?careerid=t8qr8qrjidap9,,,,,,,,,,,,,,,,,,,,,,,,,,,,,,,,,,,,,,,,,,
85057023,Lex Mailangi,84078333.0,OT,OT,https://www.maxpreps.com/ca/santa-ana/mater-dei-monarchs/athletes/lex-mailangi/football/stats/?careerid=5g11psf68jpj3,,,,,,,,,,,,,,,,,,,,,,,,,,,,,1.0,1.0,0.0,1.0,1.0,,,,,,,,,
85052255,Peyton Miller,76896071.0,OG,OG,https://www.maxpreps.com/tx/anna/anna-coyotes/athletes/peyton-miller/football/stats/?careerid=brp9lf3uulraa,,,,,,,,,,,,,,,,,,,,,,,,,,,,,2.0,2.0,,2.0,1.0,1.0,,,,,,,,
85053215,Lucas Rhoa,77267613.0,OG,OG,https://www.maxpreps.com/ca/orange/orange-lutheran-lancers/athletes/lucas-rhoa/football/stats/?careerid=5lolou4b0kak4,,,,,,,,,,,,,,,,,,,,,,,,,,,,,11.0,2.0,,2.0,0.2,,,,,,,,,
85053589,Lincoln Mageo,77268145.0,OG,OG,https://www.maxpreps.com/ca/oceanside/oceanside-pirates/athletes/lincoln-mageo/football/stats/?careerid=l54q8dh5hnovf,,,,,,,,,,,,,,,,,,,,,,,,,,,,,1.0,,2.0,2.0,2.0,,,,,,,,,
85054928,Jayden Mack,82201402.0,OG,OG,https://www.maxpreps.com/tx/hutto/hutto-hippos/athletes/jayden-mack/football/stats/?careerid=adhi44rhgt6ue,,,,,,,,,,,,,,,,,,,,,,,,,,,,,2.0,1.0,,1.0,0.5,1.0,,,,,,,,
85062439,Brock Williams,91979560.0,TE,TE - H,https://www.maxpreps.com/il/libertyville/libertyville-wildcats/athletes/brock-williams/football/stats/?careerid=343shnbjeq733,,,,,,,,,,,,,,4.0,6.0,43.0,7.2,10.8,34.0,0.0,,4.0,11.0,118.0,10.7,29.5,32.0,3.0,,,,,,,,,,,,,,
85061894,Zac Fares,77268481.0,TE,TE - H,https://www.maxpreps.com/nv/las-vegas/arbor-view-aggies/athletes/zac-fares/football/stats/?careerid=097sv0bgnipk4,,,,,,,,,,,,,,2.0,1.0,0.0,0.0,0.0,0.0,0.0,0.0,2.0,4.0,43.0,10.8,21.5,23.0,,,,,,,,,,,,,,,
85064705,DeMarcus DeRoche,107239650.0,TE,TE - H,https://www.maxpreps.com/fl/fort-lauderdale/cardinal-gibbons-chiefs/athletes/demarcus-deroche/football/stats/?careerid=r93lbs5okgu00,,,,,,,,,,,,,,8.0,2.0,8.0,4.0,1.0,4.0,0.0,,4.0,11.0,172.0,15.6,43.0,40.0,0.0,,,,,,,,,,,,,,
85055438,Colt Lumpris,77268800.0,TE,TE - H,https://www.maxpreps.com/nj/lawrenceville/lawrenceville-school-big-red/athletes/colt-lumpris/football/stats/?careerid=pprr9j9lkmdbb,,,,,,,,,,,,,,,,,,,,,,3.0,13.0,166.0,12.8,55.3,40.0,1.0,,,,,,,,,,,,,,
85064430,Trae Proctor,98584643.0,TE,TE - H,https://www.maxpreps.com/fl/plantation/american-heritage-patriots/athletes/trae-proctor/football/stats/?careerid=ddlk5qehc5fqa,,,,,,,,,,,,,,,,,,,,,,3.0,10.0,112.0,11.2,37.3,47.0,2.0,,,,,,,,,,,,,,
85072112,Tommy Douglas,107655477.0,TE,TE - H,https://www.maxpreps.com/nj/princeton/hun-raiders/athletes/tommy-douglas/football/stats/?careerid=vtpqmpv3tuoaa,,,,,,,,,,,,,,,,,,,,,,4.0,9.0,237.0,26.3,59.3,,4.0,,,,,,,,,,,,,,
85056867,Korz Loken,86077138.0,TE,TE - H,https://www.maxpreps.com/wi/iola/iola-scandinavia-thunderbirds/athletes/korz-loken/football/stats/?careerid=mukmkl9e7utee,,,,,,,,,,,,,,4.0,1.0,3.0,3.0,0.8,3.0,0.0,0.0,4.0,10.0,123.0,12.3,30.8,32.0,3.0,,,,,,,,,,,,,,
85053472,Jeramie Cooper,74287502.0,TE,TE - H,https://www.maxpreps.com/tx/fort-worth/north-crowley-panthers/athletes/jeramie-cooper/football/stats/?careerid=i42pq2g4eqcp9,,,,,,,,,,,,,,,,,,,,,,1.0,1.0,27.0,27.0,27.0,,0.0,,,,,,,,,,,,,,
85060389,JT Geraci,99221445.0,TE,TE - Y,https://www.maxpreps.com/nj/ramsey/don-bosco-prep-ironmen/athletes/jt-geraci/football/stats/?careerid=c5al9qgv2j1vf,,,,,,,,,,,,,,,,,,,,,,3.0,5.0,73.0,14.6,24.3,23.0,1.0,,,,,,,,,,,,,,
85051827,Ahmad Hudson,65323007.0,TE,TE - Y,https://www.maxpreps.com/la/ruston/ruston-bearcats/athletes/ahmad-hudson/football/stats/?careerid=5j2127e3alkk4,,,,,,,,,,,,,,,,,,,,,,1.0,5.0,116.0,23.2,116.0,,1.0,,,,,,,,,,,,,,
85062255,Seneca Driver,77266355.0,TE,TE - Y,https://www.maxpreps.com/ky/danville/boyle-county-rebels/athletes/seneca-driver/football/stats/?careerid=6dnpgh6lh1p77,,,,,,,,,,,,,,2.0,11.0,48.0,4.4,24.0,,0.0,3.0,2.0,5.0,114.0,22.8,57.0,,3.0,,,,,,,,,,,,,,
85056885,Grant Haviland,77272409.0,TE,TE - Y,https://www.maxpreps.com/ga/milton/milton-eagles/athletes/grant-haviland/football/stats/?careerid=np5clfa01nim6,,,,,,,,,,,,,,,,,,,,,,3.0,7.0,74.0,10.6,24.7,50.0,2.0,,,,,,,,,,,,,,
85068530,Christian Hanshaw,101534058.0,TE,TE - Y,https://www.maxpreps.com/ut/american-fork/american-fork-cavemen/athletes/christian-hanshaw/football/stats/?careerid=p9bqo36fov9qa,,,,,,,,,,,,,,,,,,,,,,4.0,14.0,92.0,6.6,23.0,14.0,0.0,,,,,,,,,,,,,,
85062506,Malik Howard,77271942.0,TE,TE - Y,https://www.maxpreps.com/tn/oak-ridge/oak-ridge-wildcats/athletes/malik-howard/football/stats/?careerid=9i410e0dk0kp9,,,,,,,,,,,,,,,,,,,,,,1.0,2.0,27.0,13.5,27.0,,,,,,,,,,,,,,,,
85055360,Holden Niemi,77267143.0,TE,TE - Y,https://www.maxpreps.com/mi/dexter/dexter-dreadnaughts/athletes/holden-niemi/football/stats/?careerid=lv4d9sbme2gm6,,,,,,,,,,,,,,,,,,,,,,1.0,1.0,9.0,9.0,9.0,,0.0,,,,,,,,,,,,,,
85055141,Cooper Terwilliger,77271107.0,TE,TE - Y,https://www.maxpreps.com/sd/pierre/pierre-tf-riggs-governors/athletes/cooper-terwilliger/football/stats/?careerid=lu2e9lg5csvff,,,,,,,,,,,,,,,,,,,,,,1.0,2.0,17.0,8.5,17.0,,0.0,,,,,,,,,,,,,,
85063503,Titus Hawk,96962965.0,TE,TE - Y,https://www.maxpreps.com/ok/choctaw/choctaw-yellowjackets/athletes/titus-hawk/football/stats/?careerid=np5vtscsj3g44,,,,,,,,,,,,,,10.0,1.0,0.0,0.0,0.0,,0.0,,10.0,20.0,365.0,18.3,36.5,,7.0,,,,,,,,,,,,,,
85070391,Joshua Pettigrew,98721745.0,TE,TE - Y,https://www.maxpreps.com/ga/warner-robins/houston-county-bears/athletes/joshua-pettigrew/football/stats/?careerid=vkvmcd8vih9ff,,,,,,,,,,,,,,,,,,,,,,1.0,2.0,17.0,8.5,17.0,11.0,0.0,,,,,,,,,,,,,,
85059416,Jeremiah Douglas,77267085.0,WR,WR (IS),https://www.maxpreps.com/tx/crandall/crandall-pirates/athletes/jeremiah-douglas/football/stats/?careerid=9rsf3ru63grj3,,,,,,,,,,,,,,,,,,,,,,1.0,8.0,96.0,12.0,96.0,45.0,1.0,,,,,,,,,,,,,,
85055912,Julian Caldwell,84079073.0,WR,WR (IS),https://www.maxpreps.com/tx/argyle/argyle-eagles/athletes/julian-caldwell/football/stats/?careerid=h9s0vujfbn099,,,,,,,,,,,,,,14.0,2.0,33.0,16.5,2.4,27.0,0.0,,1.0,5.0,182.0,36.4,182.0,74.0,4.0,,,,,,,,,,,,,,
85059472,Alvin Mosley,98136655.0,WR,WR (IS),https://www.maxpreps.com/tx/rosharon/almeta-crawford-chargers/athletes/alvin-mosley/football/stats/?careerid=8ccftjj9ihp44,,,,,,,,,,,,,,3.0,1.0,8.0,8.0,2.7,,0.0,,3.0,24.0,371.0,15.5,123.7,38.0,5.0,,,,,,,,,,,,,,
85059465,Julian Cromartie,84081380.0,WR,WR (IS),https://www.maxpreps.com/tx/the-woodlands/college-park-cavaliers/athletes/julian-cromartie/football/stats/?careerid=jue458amc1il5,,,,,,,,,,,,,,13.0,3.0,27.0,9.0,2.1,27.0,0.0,0.0,13.0,42.0,824.0,19.6,63.4,65.0,13.0,,,,,,,,,,,,,,
85050587,Aden Starling,73919345.0,WR,WR (IS),https://www.maxpreps.com/tx/pearland/shadow-creek-sharks/athletes/aden-starling/football/stats/?careerid=8cc4b0qg19crb,,,,,,,,,,,,,,,,,,,,,,2.0,2.0,41.0,20.5,20.5,22.0,1.0,,,,,,,,,,,,,,
85063124,Audric Williams,99223281.0,WR,WR (IS),https://www.maxpreps.com/tx/pflugerville/weiss/athletes/audric-williams/football/stats/?careerid=4a8t7evt03bn7,,,,,,,,,,,,,,,,,,,,,,2.0,5.0,56.0,11.2,28.0,,1.0,,,,,,,,,,,,,,
85059412,Trey Haralson,77270681.0,WR,WR (IS),https://www.maxpreps.com/tx/tyler/john-tyler-lions/athletes/trey-haralson/football/stats/?careerid=6dm3li3kuuen7,,,,,,,,,,,,,,11.0,1.0,1.0,1.0,0.1,,0.0,0.0,1.0,3.0,30.0,10.0,30.0,,,,,,,,,,,,,,,,
85062713,Braylon Fisher,97897449.0,WR,WR (IS),https://www.maxpreps.com/tx/mt-belvieu/barbers-hill-eagles/athletes/braylon-fisher/football/stats/?careerid=628fp3ssttkj3,,,,,,,,,,,,,,3.0,3.0,26.0,8.7,8.7,,0.0,0.0,3.0,10.0,167.0,16.7,55.7,,1.0,,,,,,,,,,,,,,
85067127,Braylon Lane,106142611.0,WR,WR (IS),https://www.maxpreps.com/tx/houston/king-panthers/athletes/braylon-lane/football/stats/?careerid=d6ojnag5jg9cc,,,,,,,,,,,,,,,,,,,,,,3.0,6.0,52.0,8.7,17.3,21.0,1.0,,,,,,,,,,,,,,
85072654,Braylon Deal,92674922.0,WR,WR (IS),https://www.maxpreps.com/tx/garland/naaman-forest-rangers/athletes/braylon-deal/football/stats/?careerid=7hok5ugf93jj3,,,,,,,,,,,,,,2.0,25.0,160.0,6.4,80.0,,1.0,1.0,11.0,26.0,429.0,16.5,39.0,63.0,6.0,11.0,38.0,13.0,51.0,4.6,1.0,,,,,,,,
85057000,Easton Royal,95244814.0,WR,WR (OOS),https://www.maxpreps.com/la/new-orleans/brother-martin-crusaders/athletes/easton-royal/football/stats/?careerid=26jldrobds5ff,,,,,,,,,,,,,,1.0,1.0,6.0,6.0,6.0,,0.0,0.0,1.0,2.0,21.0,10.5,21.0,,0.0,,,,,,,,,,,,,,
85054605,Monshun Sales,79152673.0,WR,WR (OOS),https://www.maxpreps.com/in/indianapolis/lawrence-north-wildcats/athletes/monshun-sales/football/stats/?careerid=8cfqs9e96vmj3,,,,,,,,,,,,,,11.0,1.0,9.0,9.0,0.8,9.0,0.0,,2.0,2.0,12.0,6.0,6.0,9.0,,,,,,,,,,,,,,,
85055072,Kesean Bowman,74253701.0,WR,WR (OOS),https://www.maxpreps.com/tn/brentwood/brentwood-academy-eagles/athletes/kesean-bowman/football/stats/?careerid=9fj8a64tp1cvf,,,,,,,,,,,,,,2.0,1.0,1.0,1.0,0.5,,0.0,1.0,2.0,8.0,78.0,9.8,39.0,,0.0,,,,,,,,,,,,,,
85059454,Jaden Upshaw,77268789.0,WR,WR (OOS),https://www.maxpreps.com/ga/leesburg/lee-county-trojans/athletes/jaden-upshaw/football/stats/?careerid=ofe157ocmgs55,,,,,,,,,,,,,,3.0,1.0,-1.0,-1.0,-0.3,,0.0,,3.0,25.0,361.0,14.4,120.3,,3.0,,,,,,,,,,,,,,
85062408,Quentin Hale,54742901.0,WR,WR (OOS),https://www.maxpreps.com/ca/corona/centennial-huskies/athletes/quentin-hale/football/stats/?careerid=361ufoj1c1r00,,,,,,,,,,,,,,,,,,,,,,3.0,19.0,336.0,17.7,112.0,,3.0,,,,,,,,,,,,,,
85059422,Ah'Mari Stevens,77266474.0,WR,WR (OOS),https://www.maxpreps.com/fl/hollywood/chaminade-madonna-lions/athletes/ahmari-stevens/football/stats/?careerid=c7fgoh11nlj44,,,,,,,,,,,,,,9.0,2.0,13.0,6.5,1.4,8.0,0.0,0.0,9.0,23.0,312.0,13.6,34.7,60.0,1.0,,,,,,,,,,,,,,
85050310,Antayvious Ellis,64243151.0,WR,WR (OOS),https://www.maxpreps.com/ne/omaha/millard-south-patriots/athletes/antayvious-ellis/football/stats/?careerid=2d75gem4c9p33,,,,,,,,,,,,,,,,,,,,,,3.0,20.0,279.0,14.0,93.0,67.0,3.0,,,,,,,,,,,,,,
85050270,Zerek Sidney,94789729.0,WR,WR (OOS),https://www.maxpreps.com/az/goodyear/desert-edge-scorpions/athletes/zerek-sidney/football/stats/?careerid=is9qdljuco1k4,,,,,,,,,,,,,,,,,,,,,,3.0,18.0,450.0,25.0,150.0,,4.0,,,,,,,,,,,,,,
85055034,Miguel Whitley,77273869.0,WR,WR (OOS),https://www.maxpreps.com/la/new-orleans/st-augustine-purple-knights/athletes/miguel-whitley/football/stats/?careerid=q5p5dnttrtij3,,,,,,,,,,,,,,2.0,1.0,4.0,4.0,2.0,4.0,0.0,1.0,2.0,6.0,124.0,20.7,62.0,46.0,1.0,,,,,,,,,,,,,,
85054827,Osani Gayles,77269493.0,WR,WR (OOS),https://www.maxpreps.com/fl/bradenton/img-academy-ascenders/athletes/osani-gayles/football/stats/?careerid=i8jbia83siptd,,,,,,,,,,,,,,9.0,5.0,70.0,14.0,7.8,,0.0,1.0,3.0,14.0,261.0,18.6,87.0,51.0,3.0,,,,,,,,,,,,,,
85059438,Gavin Honore,77270290.0,WR,WR (OOS),https://www.maxpreps.com/ca/santa-ana/mater-dei-monarchs/athletes/gavin-honore/football/stats/?careerid=1oq5rsahmlr44,,,,,,,,,,,,,,9.0,1.0,17.0,17.0,1.9,17.0,0.0,0.0,3.0,12.0,127.0,10.6,42.3,15.0,2.0,,,,,,,,,,,,,,
85054830,Rob Larson,77269681.0,WR,WR (OOS),https://www.maxpreps.com/ca/folsom/folsom-bulldogs/athletes/rob-larson/football/stats/?careerid=lf5e5pprk9rp9,,,,,,,,,,,,,,15.0,1.0,-2.0,-2.0,-0.1,-2.0,0.0,,15.0,82.0,1146.0,14.0,76.4,66.0,18.0,,,,,,,,,,,,,,
85053583,Julius Johnson,77270841.0,WR,WR (OOS),https://www.maxpreps.com/ca/long-beach/long-beach-poly-jackrabbits/athletes/julius-johnson/football/stats/?careerid=tn5r3r7c25lg0,,,,,,,,,,,,,,,,,,,,,,1.0,1.0,20.0,20.0,20.0,,,,1.0,1.0,2.0,2.0,,,,,,,1.0,,1.0
85054707,Demare Dezeurn,77270743.0,WR,WR (OOS),https://www.maxpreps.com/ca/westlake-village/westlake-athletics/athletes/demare-dezeurn/football/stats/?careerid=54u2g9ksiqpff,,,,,,,,,,,,,,,,,,,,,,4.0,16.0,270.0,16.9,67.5,74.0,4.0,,,,,,,,,,,,,,
85057124,Damani Warren,77274207.0,WR,WR (OOS),https://www.maxpreps.com/nv/las-vegas/arbor-view-aggies/athletes/damani-warren/football/stats/?careerid=quqs50pcc3855,,,,,,,,,,,,,,,,,,,,,,2.0,11.0,211.0,19.2,105.5,54.0,1.0,,,,,,,,,,,,,,
85060382,Ray'Quan Williams,90809499.0,WR,WR (OOS),https://www.maxpreps.com/la/new-orleans/st-augustine-purple-knights/athletes/rayquan-williams/football/stats/?careerid=kimvhg3faqdff,,,,,,,,,,,,,,,,,,,,,,1.0,3.0,44.0,14.7,44.0,17.0,2.0,,,,,,,,,,,,,,
85058620,K'Adrian Redmond,82199551.0,DT,DT/NOSE (IS),https://www.maxpreps.com/tx/desoto/desoto-fighting-eagles/athletes/kadrian-redmond/football/stats/?careerid=m49nt94264dj3,,,,,,,,,,,,,,,,,,,,,,,,,,,,,2.0,6.0,8.0,14.0,7.0,3.0,2.0,2.0,,1.0,,,,
85055476,George Toia,77272638.0,DT,DT/NOSE (IS),https://www.maxpreps.com/fl/fort-lauderdale/westminster-academy-lions/athletes/george-toia/football/stats/?careerid=sru9stdfehrn7,,,,,,,,,,,,,,,,,,,,,,,,,,,,,2.0,15.0,,15.0,7.5,11.0,2.0,4.0,49.0,2.0,,,,
85058601,Kasi Currie,77274445.0,DT,DT/NOSE (OOS),https://www.maxpreps.com/ca/chatsworth/sierra-canyon-trailblazers/athletes/kasi-currie/football/stats/?careerid=bj2r3df28hrn7,,,,,,,,,,,,,,,,,,,,,,,,,,,,,3.0,7.0,7.0,14.0,4.7,4.0,3.0,1.0,8.0,0.3,,,,
85070241,Tyler Alexander,107900986.0,DT,DT/NOSE (OOS),https://www.maxpreps.com/fl/wellington/palm-beach-central-broncos/athletes/tyler-alexander/football/stats/?careerid=bgl888go44idd,,,,,,,,,,,,,,,,,,,,,,,,,,,,,4.0,10.0,2.0,12.0,3.0,11.0,4.0,4.0,,1.0,,,,
85058643,Jamar Thompson,77266081.0,DT,DT/NOSE (OOS),https://www.maxpreps.com/fl/boca-raton/west-boca-raton-bulls/athletes/jamar-thompson/football/stats/?careerid=d0ksd7ou5dnbb,,,,,,,,,,,,,,,,,,,,,,,,,,,,,3.0,2.0,3.0,5.0,1.7,1.0,3.0,1.0,,0.3,,,,
85060505,John Archer,106142599.0,DT,DT/NOSE (OOS),https://www.maxpreps.com/nc/fayetteville/seventy-first-falcons/athletes/john-archer/football/stats/?careerid=oaf8uidt8qusc,,,,,,,,,,,,,,,,,,,,,,,,,,,,,2.0,2.0,7.0,9.0,4.5,2.0,10.0,1.0,,0.1,,,,
85062100,Kadin Fife,97328241.0,DT,DT/NOSE (OOS),https://www.maxpreps.com/ga/summerville/chattooga-indians/athletes/kadin-fife/football/stats/?careerid=53qqsjg62cjm6,,,,,,,,,,,,,,,,,,,,,,,,,,,,,8.0,22.0,9.0,31.0,3.9,10.0,8.0,6.0,24.0,0.8,,,,
85057044,Brayden Parks,77272648.0,DT,DT/NOSE (OOS),https://www.maxpreps.com/il/chicago/brother-rice-crusaders/athletes/brayden-parks/football/stats/?careerid=pfq5e73hdiftd,,,,,,,,,,,,,,,,,,,,,,,,,,,,,2.0,4.0,1.0,5.0,2.3,,13.0,2.0,,0.2,,,,
85058605,Deven Robertson,79150902.0,DT,DT/NOSE (OOS),https://www.maxpreps.com/ms/hattiesburg/oak-grove-warriors/athletes/deven-robertson/football/stats/?careerid=9k93l5msac5vf,,,,,,,,,,,,,,,,,,,,,,,,,,,,,2.0,5.0,6.0,11.0,5.5,,13.0,3.0,,0.2,,,,
85048847,Jon Ioane,77266725.0,DT,DT/NOSE (OOS),https://www.maxpreps.com/ca/tustin/tustin-tillers/athletes/jon-ioane/football/stats/?careerid=3sl1qi6l02h00,,,,,,,,,,,,,,,,,,,,,,,,,,,,,11.0,21.0,31.0,52.0,4.7,9.0,11.0,8.0,,0.7,,,,
85050585,Waylon Wooten,77267805.0,DT,DT/NOSE (OOS),https://www.maxpreps.com/ga/loganville/grayson-rams/athletes/waylon-wooten/football/stats/?careerid=d074cu2nkdek4,,,,,,,,,,,,,,,,,,,,,,,,,,,,,4.0,8.0,3.0,11.0,2.8,4.0,11.0,3.0,,0.3,,,,
85062468,Joseph Graves,96741497.0,DT,DT/NOSE (OOS),https://www.maxpreps.com/fl/bradenton/img-academy-ascenders/athletes/joseph-graves/football/stats/?careerid=bgb7cjrq1efi2,,,,,,,,,,,,,,,,,,,,,,,,,,,,,9.0,14.0,12.0,26.0,2.9,8.0,9.0,3.0,,0.3,,,,
85063145,Jalen Brewster,56251123.0,DE/DT,DE/DT (IS),https://www.maxpreps.com/ga/buford/buford-wolves/athletes/jalen-brewster/football/stats/?careerid=5t86vglsp4u66,,,,,,,,,,,,,,,,,,,,,,,,,,,,,5.0,14.0,2.0,16.0,3.2,7.0,5.0,2.0,,0.4,,,,
85065121,DeMarco Jenkins,77272825.0,DE/DT,DE/DT (IS),https://www.maxpreps.com/tx/pearland/pearland-oilers/athletes/demarco-jenkins/football/stats/?careerid=45r3bcrh76jrb,,,,,,,,,,,,,,,,,,,,,,,,,,,,,1.0,2.0,2.0,4.0,4.0,2.0,1.0,,,,,,,
85069615,Jason Johnson,92445626.0,DE/DT,DE/DT (IS),https://www.maxpreps.com/tx/humble/atascocita-eagles/athletes/jason-johnson/football/stats/?careerid=4lpr8lobh3nsc,,,,,,,,,,,,,,,,,,,,,,,,,,,,,3.0,3.0,9.0,12.0,4.0,1.0,3.0,1.0,7.0,0.3,,,,
85075530,Raiden Cook,112947029.0,DE/DT,DE/DT (IS),https://www.maxpreps.com/tx/mt-belvieu/barbers-hill-eagles/athletes/raiden-cook/football/stats/?careerid=bso25p3jea5dd,,,,,,,,,,,,,,,,,,,,,,,,,,,,,3.0,9.0,7.0,16.0,5.3,3.0,3.0,2.0,,0.7,,,,
85055221,Jaderian Jones,80132729.0,DE/DT,DE/DT (IS),https://www.maxpreps.com/tx/dallas/south-oak-cliff-golden-bears/athletes/jaderian-jones/football/stats/?careerid=2h0fb76bko1j3,,,,,,,,,,,,,,,,,,,,,,,,,,,,,2.0,7.0,3.0,10.0,5.0,3.0,2.0,2.0,14.0,1.0,,,,
85063149,Trason Haley,84078702.0,DE/DT,DE/DT (IS),https://www.maxpreps.com/tx/sachse/sachse-mustangs/athletes/trason-haley/football/stats/?careerid=mo0versa1er00,,,,,,,,,,,,,,,,,,,,,,,,,,,,,2.0,1.0,1.0,2.0,1.0,1.0,2.0,1.0,,0.5,,,,
85063144,Jerry Robinson,98879329.0,DE/DT,DE/DT (IS),https://www.maxpreps.com/tx/san-antonio/cornerstone-christian-warriors/athletes/jerry-robinson/football/stats/?careerid=aspa635du9244,,,,,,,,,,,,,,,,,,,,,,,,,,,,,4.0,5.0,12.0,17.0,4.3,2.0,4.0,,,,,,,
85065694,Antonio Underwood,108355530.0,DE/DT,DE/DT (IS),https://www.maxpreps.com/tx/houston/westfield-mustangs/athletes/antonio-underwood/football/stats/?careerid=76ot7lhitf5ee,,,,,,,,,,,,,,,,,,,,,,,,,,,,,3.0,4.0,6.0,10.0,3.3,,3.0,,,,,,,
85058629,Davion King,77267951.0,DE/DT,DE/DT (IS),https://www.maxpreps.com/tx/gilmer/gilmer-buckeyes/athletes/davion-king/football/stats/?careerid=hv0b1ugbshno8,,,,,,,,,,,,,,,,,,,,,,,,,,,,,3.0,7.0,11.0,18.0,6.0,,3.0,,,,,,,
85058635,Isaac Coughran,77270965.0,DE/DT,DE/DT (IS),https://www.maxpreps.com/tx/katy/katy-tigers/athletes/isaac-coughran/football/stats/?careerid=tdt4n3pgvtm33,,,,,,,,,,,,,,,,,,,,,,,,,,,,,,,,,,,,,,,,,,
85073185,Ahzan Bacote,112381983.0,DE/DT,DE/DT (IS),https://www.maxpreps.com/tx/san-antonio/cornerstone-christian-warriors/athletes/ahzan-bacote/football/stats/?careerid=t4lnj4vtmrque,,,,,,,,,,,,,,,,,,,,,,,,,,,,,3.0,9.0,6.0,15.0,5.0,7.0,3.0,5.5,,1.8,,,,
85058600,Ben'Jarvius Shumaker,84078193.0,DE/DT,DE/DT (OOS),https://www.maxpreps.com/ms/ackerman/choctaw-county-chargers/athletes/benjarvius-shumaker/football/stats/?careerid=stcj6nd87co88,,,,,,,,,,,,,,,,,,,,,,,,,,,,,2.0,5.0,4.0,9.0,4.5,4.0,2.0,1.5,8.0,0.8,,,,
85064538,Mitchell Turner,113076310.0,DE/DT,DE/DT (OOS),https://www.maxpreps.com/ms/louisville/louisville-wildcats/athletes/mitchell-turner/football/stats/?careerid=2ptrbr3l1pv22,,,,,,,,,,,,,,,,,,,,,,,,,,,,,3.0,14.0,7.0,21.0,7.0,4.0,3.0,1.5,,0.5,,,,
85057009,Myels Smith,77274233.0,DE/DT,DE/DT (OOS),https://www.maxpreps.com/ca/inglewood/inglewood-sentinels/athletes/myels-smith/football/stats/?careerid=q0pp2fj7p86sc,,,,,,,,,,,,,,,,,,,,,,,,,,,,,3.0,8.0,5.0,13.0,4.3,4.0,3.0,0.5,7.0,0.2,,,,
85069621,Karlos May,77270691.0,DE/DT,DE/DT (OOS),https://www.maxpreps.com/al/birmingham/ramsay-rams/athletes/karlos-may/football/stats/?careerid=bmb5ruh958kl5,,,,,,,,,,,,,,,,,,,,,,,,,,,,,3.0,4.0,8.0,12.0,4.0,3.0,10.0,4.0,24.0,0.4,,,,
85063565,Yahzeen Zion,95283238.0,DE/DT,DE/DT (OOS),https://www.maxpreps.com/az/goodyear/desert-edge-scorpions/athletes/yahzeen-zion/football/stats/?careerid=pv37sh9drniff,,,,,,,,,,,,,,,,,,,,,,,,,,,,,2.0,,1.0,1.0,0.5,,11.0,4.0,7.0,0.4,,,,
85057131,Elija Harmon,77271108.0,DE/DT,DE/DT (OOS),https://www.maxpreps.com/ca/inglewood/inglewood-sentinels/athletes/elija-harmon/football/stats/?careerid=vjkfq54vgl8dd,,,,,,,,,,,,,,,,,,,,,,,,,,,,,2.0,4.0,5.0,9.0,4.5,1.0,2.0,1.0,8.0,0.5,,,,
85058596,Elijah Patmon,84079834.0,DE/DT,DE/DT (OOS),https://www.maxpreps.com/ga/warner-robins/northside-eagles/athletes/elijah-patmon/football/stats/?careerid=haefmvdi1ekqa,,,,,,,,,,,,,,,,,,,,,,,,,,,,,3.0,18.0,5.0,23.0,7.7,9.0,3.0,3.0,,1.0,,,,
85058602,Jeremiah Williams,77274518.0,DE/DT,DE/DT (OOS),https://www.maxpreps.com/ca/tustin/tustin-tillers/athletes/jeremiah-williams/football/stats/?careerid=af9end58eovo8,,,,,,,,,,,,,,,,,,,,,,,,,,,,,3.0,16.0,1.0,17.0,5.7,10.0,3.0,7.0,,2.3,,,,
85057045,Elijah Brown,84079673.0,DE/DT,DE/DT (OOS),https://www.maxpreps.com/al/prattville/prattville-lions/athletes/elijah-brown/football/stats/?careerid=1fr9b5gk629k4,,,,,,,,,,,,,,,,,,,,,,,,,,,,,1.0,2.0,,2.0,2.0,1.0,4.0,1.0,3.0,0.3,,,,
85058616,Sam LeJeune,107594115.0,DE/DT,DE/DT (OOS),https://www.maxpreps.com/ms/poplarville/poplarville-hornets/athletes/sam-lejeune/football/stats/?careerid=7sijb6m3vc344,,,,,,,,,,,,,,,,,,,,,,,,,,,,,3.0,5.0,6.0,11.0,3.7,5.0,13.0,4.0,38.0,0.3,,,,
85058652,Dawayne Jones,77269764.0,DE/DT,DE/DT (OOS),https://www.maxpreps.com/ok/owasso/owasso-rams/athletes/dawayne-jones/football/stats/?careerid=p375vmj8dqn22,,,,,,,,,,,,,,,,,,,,,,,,,,,,,1.0,3.0,4.0,7.0,7.0,1.0,1.0,1.0,,1.0,,,,
85085807,Tyran Clark,114226253.0,DE/DT,DE/DT (OOS),https://www.maxpreps.com/ga/atlanta/south-atlanta-hornets/athletes/tyran-clark/football/stats/?careerid=adcqfd1pib5h1,,,,,,,,,,,,,,,,,,,,,,,,,,,,,5.0,4.0,5.0,9.0,1.8,2.0,,,,,,,,
85065508,Cameron Hall,92386034.0,DE,DE (IS),https://www.maxpreps.com/tx/arlington/mansfield-summit-jaguars/athletes/cameron-hall/football/stats/?careerid=05a71f3q9t6rb,,,,,,,,,,,,,,,,,,,,,,,,,,,,,9.0,42.0,4.0,46.0,5.1,18.0,9.0,10.0,65.0,1.1,,,,
85053330,Ezekiel Ayangbile,77268148.0,DE,DE (IS),https://www.maxpreps.com/tx/houston/langham-creek-lobos/athletes/ezekiel-ayangbile/football/stats/?careerid=cvnlbj33ff2g0,,,,,,,,,,,,,,,,,,,,,,,,,,,,,10.0,27.0,23.0,50.0,5.0,8.0,10.0,3.0,,0.3,,,,
85070233,Finn Walker,107308194.0,DE,DE (IS),https://www.maxpreps.com/tx/conroe/oak-ridge-war-eagles/athletes/finn-walker/football/stats/?careerid=qehad8koii1rb,,,,,,,,,,,,,,,,,,,,,,,,,,,,,,,,,,,,,,,,,,
85058637,Xavier Muhammad,80623127.0,DE,DE (IS),https://www.maxpreps.com/tx/pearland/shadow-creek-sharks/athletes/xavier-muhammad/football/stats/?careerid=3j7mqq10qto66,,,,,,,,,,,,,,,,,,,,,,,,,,,,,1.0,2.0,0.0,2.0,2.0,0.0,1.0,0.0,0.0,0.0,,,,
85075396,Jalen Price,94672419.0,DE,DE (IS),https://www.maxpreps.com/tx/cedar-hill/cedar-hill-longhorns/athletes/jalen-price/football/stats/?careerid=3u69mh19dl2k4,,,,,,,,,,,,,,,,,,,,,,,,,,,,,1.0,,1.0,1.0,1.0,,,,,,,,,
85065123,Alexander Coey,96215146.0,DE,DE (IS),https://www.maxpreps.com/tx/conroe/conroe-tigers/athletes/alexander-coey/football/stats/?careerid=urhr43r585qg0,,,,,,,,,,,,,,,,,,,,,,,,,,,,,10.0,11.0,13.0,26.0,2.6,15.0,10.0,1.5,26.0,0.2,,,,
85058606,Alifeleti Tuihalamaka,84078766.0,DE,DE (OOS),https://www.maxpreps.com/ca/westlake-village/oaks-christian-lions/athletes/alifeleti-tuihalamaka/football/stats/?careerid=m5f8rbe6oi2o8,,,,,,,,,,,,,,,,,,,,,,,,,,,,,3.0,20.0,12.0,32.0,10.7,5.0,3.0,2.0,7.0,0.7,,,,
85058659,Jaiden Bryant,77269939.0,DE,DE (OOS),https://www.maxpreps.com/sc/columbia/irmo-yellow-jackets/athletes/jaiden-bryant/football/stats/?careerid=fm42dt6spd433,,,,,,,,,,,,,,,,,,,,,,,,,,,,,4.0,14.0,14.0,28.0,7.0,8.0,4.0,5.0,,1.3,,,,
85064651,Marquis Evans,79152157.0,DE,DE (OOS),https://www.maxpreps.com/al/hoover/spain-park-jaguars/athletes/marquis-evans/football/stats/?careerid=cjdcpblhodlsc,,,,,,,,,,,,,,,,,,,,,,,,,,,,,3.0,13.0,6.0,19.0,6.3,,3.0,,,,,,,
85062465,Aidan O'Neil,84080263.0,DE,DE (OOS),https://www.maxpreps.com/nj/ramsey/don-bosco-prep-ironmen/athletes/aidan-oneil/football/stats/?careerid=dqvfjel4pqdg0,,,,,,,,,,,,,,,,,,,,,,,,,,,,,2.0,4.0,1.0,6.0,3.0,1.0,,,,,,,,
85062250,Miles Schirmer,84078798.0,DE,DE (OOS),https://www.maxpreps.com/ca/corona/centennial-huskies/athletes/miles-schirmer/football/stats/?careerid=veqf3crf2qubb,,,,,,,,,,,,,,,,,,,,,,,,,,,,,11.0,12.0,27.0,39.0,3.5,4.0,11.0,3.0,,0.3,,,,
85052821,Justin Weeks,77273569.0,DE,DE (OOS),https://www.maxpreps.com/ga/douglasville/douglas-county-tigers/athletes/justin-weeks/football/stats/?careerid=etf489v7p1qtd,,,,,,,,,,,,,,,,,,,,,,,,,,,,,2.0,7.0,8.0,15.0,7.5,5.0,2.0,3.0,14.0,1.5,,,,
85072658,Nicholas Frazier,84080333.0,DE,DE (OOS),https://www.maxpreps.com/ga/lyons/toombs-county-bulldogs/athletes/nicholas-frazier/football/stats/?careerid=omrh0aq7nmusc,,,,,,,,,,,,,,,,,,,,,,,,,,,,,2.0,,,3.0,1.5,,2.0,,,,,,,
85065610,Derwin Fields,105973978.0,LB,JACK/SAM (OOS),https://www.maxpreps.com/ms/brookhaven/brookhaven-panthers/athletes/derwin-fields/football/stats/?careerid=rs2efoaoo9eh1,,,,,,,,,,,,,,,,,,,,,,,,,,,,,3.0,11.0,,13.0,4.3,7.0,3.0,3.0,,1.0,,,,
85053601,Jabarrius Garror,74290240.0,LB,JACK/SAM (OOS),https://www.maxpreps.com/al/prichard/vigor-wolves/athletes/jabarrius-garror/football/stats/?careerid=329kvm27lca66,,,,,,,,,,,,,,,,,,,,,,,,,,,,,15.0,44.0,62.0,106.0,7.1,32.5,15.0,21.0,89.0,1.4,,,,
85056989,Kwame Green,77273825.0,LB,JACK/SAM (OOS),https://www.maxpreps.com/ga/stone-mountain/stephenson-jaguars/athletes/kwame-green-jr/football/stats/?careerid=jb3gmt3iasth1,,,,,,,,,,,,,,,,,,,,,,,,,,,,,4.0,37.0,8.0,45.0,11.3,9.0,4.0,4.5,35.0,1.1,,,,
85064715,Antwan Jackson,112357218.0,LB,JACK/SAM (OOS),https://www.maxpreps.com/tn/memphis/white-station-spartans/athletes/antwan-jackson/football/stats/?careerid=efg3j06ahtf77,,,,,,,,,,,,,,,,,,,,,,,,,,,,,7.0,7.0,14.0,26.0,3.7,7.0,1.0,1.0,5.0,1.0,,,,
85063479,Rashad Streets,96214158.0,LB,JACK/SAM (OOS),https://www.maxpreps.com/nc/raleigh/millbrook-wildcats/athletes/rashad-streets/football/stats/?careerid=bfsi25ti21k44,,,,,,,,,,,,,,,,,,,,,,,,,,,,,3.0,16.0,10.0,26.0,8.7,15.5,3.0,3.5,35.0,1.2,,,,
85063601,Frederick Ards,77272226.0,LB,JACK/SAM (OOS),https://www.maxpreps.com/fl/orlando/jones-tigers/athletes/fred-ards/football/stats/?careerid=9j3lr2uioc900,,,,,,,,,,,,,,,,,,,,,,,,,,,,,15.0,24.0,56.0,80.0,5.3,13.0,15.0,11.0,49.0,0.7,,,,
85059747,Zyron Forstall,95159551.0,LB,JACK/SAM (OOS),https://www.maxpreps.com/fl/bradenton/img-academy-ascenders/athletes/zyron-forstall/football/stats/?careerid=8u32h454vsh44,,,,,,,,,,,,,,,,,,,,,,,,,,,,,1.0,1.0,1.0,2.0,2.0,1.0,1.0,,,,,,,
85065359,Adriel Rojas,77270249.0,LB,JACK/SAM (OOS),https://www.maxpreps.com/ga/cumming/north-forsyth-raiders/athletes/adriel-rojas/football/stats/?careerid=6ho9hdedcbdm6,,,,,,,,,,,,,,,,,,,,,,,,,,,,,4.0,13.0,5.0,18.0,4.5,4.0,4.0,3.0,,0.8,,,,
85050243,Krew Jones,77266886.0,LB,JACK/SAM (OOS),https://www.maxpreps.com/ut/orem/orem-tigers/athletes/krew-jones/football/stats/?careerid=i9tekphsnd644,,,,,,,,,,,,,,,,,,,,,,,,,,,,,4.0,20.0,,20.0,5.0,5.0,4.0,3.0,5.0,0.8,,,,
85051090,Cameron Pritchett,70924338.0,LB,JACK/SAM (OOS),https://www.maxpreps.com/al/alabaster/thompson-warriors/athletes/cam-pritchett/football/stats/?careerid=27ql4h9q9qu33,,,,,,,,,,,,,,,,,,,,,,,,,,,,,4.0,10.0,13.0,23.0,5.8,5.0,4.0,3.0,4.0,0.8,,,,
85051220,Kaden McCarty,77271966.0,LB,LB (IS),https://www.maxpreps.com/tx/houston/cypress-falls-golden-eagles/athletes/kaden-mccarty/football/stats/?careerid=6ttur9g5iv9g0,,,,,,,,,,,,,,,,,,,,,,,,,,,,,3.0,7.0,4.0,11.0,3.7,2.0,3.0,1.0,8.0,0.3,,,,
85084404,Jerrell Bridges,,LB,LB (IS),https://www.maxpreps.com/tx/midlothian/midlothian-panthers/athletes/jerrell-bridges/football/stats/?careerid=9i3bnk9cefio8,,,,,,,,,,,,,,,,,,,,,,,,,,,,,3.0,23.0,9.0,32.0,10.7,1.0,12.0,3.0,,0.3,,,,
85077888,Anthony James,,LB,LB (IS),https://www.maxpreps.com/tx/la-marque/la-marque-cougars/athletes/anthony-james/football/stats/?careerid=6f84pts4t7hdd,,,,,,,,,,,,,,,,,,,,,,,,,,,,,1.0,7.0,12.0,19.0,19.0,,1.0,,,,,,,
85073879,Jhadyn Nelson,112508334.0,LB,LB (IS),https://www.maxpreps.com/tx/houston/langham-creek-lobos/athletes/jhadyn-nelson/football/stats/?careerid=juu1fobvu08bb,,,,,,,,,,,,,,,,,,,,,,,,,,,,,10.0,22.0,37.0,59.0,5.9,10.0,10.0,3.0,,0.3,,,,
85051146,Cade Haug,77273328.0,LB,LB (IS),https://www.maxpreps.com/tx/katy/katy-tigers/athletes/cade-haug/football/stats/?careerid=pai5c2frpvs00,,,,,,,,,,,,,,,,,,,,,,,,,,,,,3.0,20.0,11.0,31.0,10.3,1.0,3.0,,,,,,,
85056994,Cooper Witten,77267646.0,LB,LB (IS),https://www.maxpreps.com/tx/argyle/liberty-christian-warriors/athletes/cooper-witten/football/stats/?careerid=gpqg60o78on22,,,,,,,,,,,,,,,,,,,,,,,,,,,,,7.0,61.0,26.0,87.0,12.4,9.0,7.0,2.0,16.0,0.3,,,,
85053225,Braylon Williams,77274488.0,LB,LB (IS),https://www.maxpreps.com/tx/arlington/lamar-vikings/athletes/braylon-williams/football/stats/?careerid=0lt2mffv0f4l5,,,,,,,,,,,,,,,,,,,,,,,,,,,,,8.0,57.0,44.0,101.0,12.6,13.0,8.0,5.0,,0.6,,,,
85054367,Davon Smith,79152055.0,LB,LB (IS),https://www.maxpreps.com/tx/houston/westfield-mustangs/athletes/davon-smith/football/stats/?careerid=d03kr2bfj33dd,,,,,,,,,,,,,,,,,,,,,,,,,,,,,3.0,17.0,14.0,31.0,10.3,3.0,11.0,2.5,,0.2,,,,
85065470,Bryce Breeden,100030626.0,LB,LB (IS),https://www.maxpreps.com/tx/bridge-city/bridge-city-cardinals/athletes/bryce-breeden/football/stats/?careerid=3bf85e9sblqvf,,,,,,,,,,,,,,,,,,,,,,,,,,,,,1.0,7.0,6.0,13.0,13.0,,1.0,,,,,,,
85065424,Aaron Williams,98026497.0,LB,LB (IS),https://www.maxpreps.com/tx/missouri-city/ridge-point-panthers/athletes/aaron-williams/football/stats/?careerid=ursnuticdorl5,,,,,,,,,,,,,,,,,,,,,,,,,,,,,1.0,2.0,1.0,3.0,3.0,,,,,,,,,
85067064,Joakim Gouda,111898021.0,LB,LB (OOS),https://www.maxpreps.com/ga/powder-springs/mceachern-indians/athletes/joakim-gouda/football/stats/?careerid=ukb2598v90044,,,,,,,,,,,,,,,,,,,,,,,,,,,,,2.0,6.0,5.0,11.0,5.5,1.0,2.0,0.5,0.0,0.3,,,,
85071957,Jeremiah Culpepper,109625626.0,LB,LB (OOS),https://www.maxpreps.com/ga/lagrange/troup-county-tigers/athletes/jeremiah-culpepper/football/stats/?careerid=010pjg3us1jh1,,,,,,,,,,,,,,,,,,,,,,,,,,,,,2.0,9.0,4.0,13.0,6.5,4.0,2.0,2.0,10.0,1.0,,,,
85052482,Taven Epps,77272358.0,LB,LB (OOS),https://www.maxpreps.com/ca/tustin/tustin-tillers/athletes/taven-epps/football/stats/?careerid=mlsp7kspdujvf,,,,,,,,,,,,,,,,,,,,,,,,,,,,,3.0,12.0,1.0,13.0,4.3,3.0,3.0,2.0,,0.7,,,,
85075314,Israel Hammons,112380989.0,LB,LB (OOS),https://www.maxpreps.com/ok/choctaw/choctaw-yellowjackets/athletes/israel-hammon/football/stats/?careerid=kct5ha2ule8ue,,,,,,,,,,,,,,,,,,,,,,,,,,,,,,,,,,,,,,,,,,
85058584,Ja'Bios Smith,79151075.0,LB,LB (OOS),https://www.maxpreps.com/ga/swainsboro/swainsboro-tigers/athletes/jabios-smith/football/stats/?careerid=sj3jn2cujt5td,,,,,,,,,,,,,,,,,,,,,,,,,,,,,4.0,15.0,7.0,22.0,5.5,,11.0,1.0,,0.1,,,,
85052065,Mikahi Allen,79152563.0,LB,LB (OOS),https://www.maxpreps.com/nj/ramsey/don-bosco-prep-ironmen/athletes/mikahi-allen/football/stats/?careerid=ib5a11r0gb855,,,,,,,,,,,,,,,,,,,,,,,,,,,,,2.0,7.0,6.0,13.0,6.5,2.5,2.0,2.5,,1.3,,,,
85066414,Noah Glover,105971815.0,LB,LB (OOS),https://www.maxpreps.com/va/haymarket/battlefield-bobcats/athletes/noah-glover/football/stats/?careerid=ks14inf8iu7bb,,,,,,,,,,,,,,,,,,,,,,,,,,,,,8.0,13.0,1.0,14.0,1.8,2.0,8.0,3.0,,0.4,,,,
85067848,Isaac McNeil,108384069.0,LB,LB (OOS),https://www.maxpreps.com/al/prichard/vigor-wolves/athletes/isaac-mcneil/football/stats/?careerid=q7vssce1n2q33,,,,,,,,,,,,,,,,,,,,,,,,,,,,,15.0,36.0,56.0,92.0,6.1,16.0,15.0,9.0,17.0,0.6,,,,
85053550,Kaden Henderson,77273056.0,LB,LB (OOS),https://www.maxpreps.com/fl/tampa/jesuit-tigers/athletes/kaden-henderson/football/stats/?careerid=a7c3lm0o8eo33,,,,,,,,,,,,,,,,,,,,,,,,,,,,,3.0,11.0,8.0,19.0,6.3,5.0,3.0,4.0,,1.3,,,,
85072321,Kareem Palmer,109890888.0,LB,LB (OOS),https://www.maxpreps.com/ga/lyons/toombs-county-bulldogs/athletes/kareem-palmer/football/stats/?careerid=dl0f6d44fq700,,,,,,,,,,,,,,,,,,,,,,,,,,,,,3.0,,,8.0,2.7,2.0,3.0,1.0,,0.3,,,,
85050888,Amarri Irvin,59222847.0,LB,LB (OOS),https://www.maxpreps.com/fl/bradenton/img-academy-ascenders/athletes/amarri-irvin/football/stats/?careerid=fbp9r678g2r66,,,,,,,,,,,,,,,,,,,,,,,,,,,,,3.0,4.0,9.0,13.0,4.3,1.0,9.0,4.0,,0.4,,,,
85071610,Jackson Ross,113076682.0,LB,LB (OOS),https://www.maxpreps.com/sc/columbia/hammond-skyhawks/athletes/jackson-ross/football/stats/?careerid=o6n3k1alst988,,,,,,,,,,,,,,,,,,,,,,,,,,,,,,,,,,,,,,,,,,
85062847,Theo Wilson,84081324.0,LB,LB (OOS),https://www.maxpreps.com/fl/seffner/armwood-hawks/athletes/theo-wilson/football/stats/?careerid=cmgp5ogh7fcbb,,,,,,,,,,,,,,,,,,,,,,,,,,,,,2.0,13.0,6.0,19.0,9.5,4.0,2.0,2.0,,1.0,,,,
85062478,Jalaythan Mayfield,105970232.0,LB,LB (OOS),https://www.maxpreps.com/nc/lincolnton/lincolnton-wolves/athletes/jalaythan-mayfield/football/stats/?careerid=74eh5en2is9ue,,,,,,,,,,,,,,,,,,,,,,,,,,,,,4.0,25.0,11.0,36.0,9.0,4.0,4.0,4.0,,1.0,,,,
85053041,Isaiah Phelps,77268477.0,LB,LB (OOS),https://www.maxpreps.com/ca/oxnard/pacifica-tritons/athletes/isaiah-phelps/football/stats/?careerid=01g0dugsji7cc,,,,,,,,,,,,,,,,,,,,,,,,,,,,,4.0,20.0,26.0,46.0,11.5,7.0,4.0,2.0,10.0,0.5,,,,
85058577,Marshaun Ivy,77272448.0,LB,LB (OOS),https://www.maxpreps.com/mo/st-louis/cardinal-ritter-college-prep-lions/athletes/marshaun-ivy/football/stats/?careerid=gv1uatobmcbm6,,,,,,,,,,,,,,,,,,,,,,,,,,,,,8.0,40.0,31.0,71.0,8.9,,8.0,1.0,,0.1,,,,
85065363,Sam Ngata,111393325.0,LB,LB (OOS),https://www.maxpreps.com/ut/salt-lake-city/olympus-titans/athletes/sam-ngata/football/stats/?careerid=4t00srit30fn7,,,,,,,,,,,,,,,,,,,,,,,,,,,,,4.0,18.0,5.0,23.0,5.8,3.0,,,,,,,,
85056224,Tytan DeJong,77266495.0,LB,LB (OOS),https://www.maxpreps.com/ut/herriman/mountain-ridge-sentinels/athletes/tytan-dejong/football/stats/?careerid=pdvpm0qr0a8o8,,,,,,,,,,,,,,,,,,,,,,,,,,,,,5.0,3.0,5.0,8.0,1.6,1.0,13.0,1.0,7.0,0.1,,,,
85051651,Ethan Coach,54720766.0,LB,LB (OOS),https://www.maxpreps.com/ca/bellflower/st-john-bosco-braves/athletes/ethan-coach/football/stats/?careerid=7teo532ik0pn7,,,,,,,,,,,,,,,,,,,,,,,,,,,,,3.0,3.0,3.0,6.0,2.0,1.0,3.0,1.0,4.0,0.3,,,,
85058869,Isala Wily-Ava,77266578.0,LB,LB (OOS),https://www.maxpreps.com/ca/bellflower/st-john-bosco-braves/athletes/isala-wily-ava/football/stats/?careerid=uvue1rmj912vf,,,,,,,,,,,,,,,,,,,,,,,,,,,,,3.0,8.0,1.0,9.0,3.0,,13.0,1.0,11.0,0.1,,,,
85067989,Joshua Echols,77267124.0,LB,LB (OOS),https://www.maxpreps.com/ga/buford/buford-wolves/athletes/joshua-echols/football/stats/?careerid=3oq9f0nu97a11,,,,,,,,,,,,,,,,,,,,,,,,,,,,,2.0,10.0,2.0,12.0,6.0,1.0,2.0,1.0,,0.5,,,,
85052801,Cole Crawford,77268556.0,LB,LB (OOS),https://www.maxpreps.com/ga/cartersville/cartersville-purple-hurricanes/athletes/cole-crawford/football/stats/?careerid=g59gsnd1qa566,,,,,,,,,,,,,,,,,,,,,,,,,,,,,4.0,12.0,22.0,34.0,8.5,1.0,4.0,,,,,,,
85049353,Liufau Loumoli,77269836.0,LB,LB (OOS),https://www.maxpreps.com/fl/bradenton/img-academy-ascenders/athletes/liufau-loumoli/football/stats/?careerid=9sebtvlv875td,,,,,,,,,,,,,,,,,,,,,,,,,,,,,3.0,3.0,3.0,8.0,2.7,0.0,3.0,1.0,,0.3,,,,
85052285,Dhillon McGee,66128620.0,CB,CB (IS),https://www.maxpreps.com/tx/desoto/desoto-fighting-eagles/athletes/dhillon-mcgee/football/stats/?careerid=bc8rb5jj85r77,,,,,,,,,,,,,,,,,,,,,,,,,,,,,,1.0,,1.0,1.0,,,,,,,1.0,,
85054403,Trenton Blaylock,77845560.0,CB,CB (IS),https://www.maxpreps.com/tx/humble/atascocita-eagles/athletes/trenton-blaylock/football/stats/?careerid=p7l3nt43kcq00,,,,,,,,,,,,,,,,,,,,,,,,,,,,,,2.0,8.0,10.0,3.3,1.0,,,,,,3.0,0.0,0.0
85070220,Kameron Roberson,101736922.0,CB,CB (IS),https://www.maxpreps.com/tx/cypress/cypress-springs-panthers/athletes/kameron-roberson/football/stats/?careerid=82vdt99r5ihj3,,,,,,,,,,,,,,,,,,,,,,,,,,,,,,2.0,2.0,4.0,2.0,,,,,,,2.0,1.0,1.0
85058668,Joshua Banks,84080500.0,CB,CB (IS),https://www.maxpreps.com/tx/humble/atascocita-eagles/athletes/joshua-banks/football/stats/?careerid=0cdul20egmki2,,,,,,,,,,,,,,,,,,,,,,,,,,,,,,,,,,,,,,,,11.0,1.0,
85050321,Taelyn Mayo,58954415.0,CB,CB (IS),https://www.maxpreps.com/tx/lewisville/lewisville-fighting-farmers/athletes/taelyn-mayo/football/stats/?careerid=nh23nhlivm6l5,,,,,,,,,,,,,,,,,,,,,,,,,,,,,,7.0,6.0,13.0,6.5,,,,,,,2.0,3.0,11.0
85065122,Brandon Sherrard,92441563.0,CB,CB (IS),https://www.maxpreps.com/tx/pearland/shadow-creek-sharks/athletes/brandon-sherrard/football/stats/?careerid=3klmdeu2ucoaa,,,,,,,,,,,,,,,,,,,,,,,,,,,,,,2.0,1.0,3.0,1.5,0.0,,,,,,2.0,2.0,1.0
85062514,Bryant Robinson,84081482.0,CB,CB (IS),https://www.maxpreps.com/tx/frisco/lone-star-rangers/athletes/bryant-robinson/football/stats/?careerid=j59h4vf50q3bb,,,,,,,,,,,,,,,,,,,,,,,,,,,,,,35.0,11.0,46.0,3.1,,,,,,,15.0,2.0,6.0
85046961,Raylaun Henry,79151036.0,CB,CB (OOS),https://www.maxpreps.com/md/baltimore/st-frances-academy-panthers/athletes/raylaun-henry/football/stats/?careerid=41sf12d9tvk00,,,,,,,,,,,,,,,,,,,,,,,,,,,,,,,,,,,,,,,,,,
85048848,Duvay Williams,54742899.0,CB,CB (OOS),https://www.maxpreps.com/ca/chatsworth/sierra-canyon-trailblazers/athletes/duvay-williams/football/stats/?careerid=m5f2ntot7s455,,,,,,,,,,,,,,,,,,,,,,,,,,,,,,1.0,1.0,2.0,2.0,,,,,,,1.0,1.0,1.0
85072670,Aamaury Fountain,108383899.0,CB,CB (OOS),https://www.maxpreps.com/ga/eastman/dodge-county-indians/athletes/aamaury-fountain/football/stats/?careerid=30db202ce4d88,,,,,,,,,,,,,,,,,,,,,,,,,,,,,,,,,,,,,,,,,,
85072888,Dylan Haley,112492951.0,CB,CB (OOS),https://www.maxpreps.com/ga/flowery-branch/cherokee-bluff-bears/athletes/dylan-haley/football/stats/?careerid=v4cbr53r58499,,,,,,,,,,,,,,,,,,,,,,,,,,,,,,10.0,7.0,20.0,1.5,,,,,,,13.0,1.0,
85058858,Danny Lang,77274033.0,CB,CB (OOS),https://www.maxpreps.com/ca/santa-ana/mater-dei-monarchs/athletes/danny-lang/football/stats/?careerid=7vloilt625vk4,,,,,,,,,,,,,,,,,,,,,,,,,,,,,,4.0,1.0,5.0,1.7,,,,,,,3.0,1.0,
85052547,Ethan Hauser,77267690.0,CB,CB (OOS),https://www.maxpreps.com/ga/buford/buford-wolves/athletes/ethan-hauser/football/stats/?careerid=hq3vg4vblmecc,,,,,,,,,,,,,,,,,,,,,,,,,,,,,,9.0,4.0,13.0,6.5,,,,,,,2.0,1.0,
85063598,Bryce Williams,77274536.0,CB,CB (OOS),https://www.maxpreps.com/fl/davie/western-wildcats/athletes/bryce-williams/football/stats/?careerid=hfvba45cdh2m6,,,,,,,,,,,,,,,,,,,,,,,,,,,,,,19.0,3.0,22.0,2.4,,,,,,,9.0,1.0,12.0
85054828,Jeovanni Henley,77273108.0,CB,COMBO -> CB,https://www.maxpreps.com/ca/san-mateo/junipero-serra-padres/athletes/jeovanni-henley/football/stats/?careerid=ddgc6js29to99,,,,,,,,,,,,,,,,,,,,,,,,,,,,,2.0,5.0,,5.0,2.5,,12.0,5.0,21.0,0.4,,2.0,2.0,6.0
85073486,Ai'King Hall,79151065.0,CB,COMBO -> CB,https://www.maxpreps.com/al/dothan/dothan-cougars/athletes/aiking-hall/football/stats/?careerid=kngsvmctvc633,,,,,,,,,,,,,,,,,,,,,,,,,,,,,4.0,12.0,1.0,14.0,3.5,1.0,,,,,,4.0,,1.0
85057058,Isaiah Udom,81698744.0,SAF,SAF (IS),https://www.maxpreps.com/tx/dallas/south-oak-cliff-golden-bears/athletes/isaiah-udom/football/stats/?careerid=63nmpupbps022,,,,,,,,,,,,,,,,,,,,,,,,,,,,,2.0,10.0,1.0,11.0,5.5,,,,,,,,,
85048122,JayQuan Snell,74339812.0,SAF,SAF (IS),https://www.maxpreps.com/tx/waxahachie/waxahachie-indians/athletes/jayquan-snell/football/stats/?careerid=evu6gna506211,,,,,,,,,,,,,,,,,,,,,,,,,,,,,3.0,12.0,7.0,19.0,6.2,2.0,3.0,1.0,,0.3,,,,
85065460,Braiden Graves,94445756.0,SAF,SAF (IS),https://www.maxpreps.com/tx/cypress/bridgeland-bears/athletes/braiden-graves/football/stats/?careerid=m859jrjh69v55,,,,,,,,,,,,,,,,,,,,,,,,,,,,,5.0,12.0,3.0,15.0,3.0,1.0,,,,,,,,
85062523,Elijajuan Houston,92243112.0,SAF,SAF (IS),https://www.maxpreps.com/tx/fort-worth/north-crowley-panthers/athletes/elijajuan-houston/football/stats/?careerid=p763qeul5tbh1,,,,,,,,,,,,,,,,,,,,,,,,,,,,,,,,,,,,,,,,,,
85065447,Aiden Martin,101344510.0,SAF,SAF (IS),https://www.maxpreps.com/tx/san-antonio/brennan-bears/athletes/aiden-martin/football/stats/?careerid=e6kv52oka2rg0,,,,,,,,,,,,,,,,,,,,,,,,,,,,,3.0,4.0,8.0,12.0,4.0,3.0,3.0,1.0,,0.3,,,,
85059736,Jaiden Fields,84081034.0,SAF,SAF (IS),https://www.maxpreps.com/tx/hutto/hutto-hippos/athletes/jaiden-fields/football/stats/?careerid=6th2ccffda7g0,,,,,,,,,,,,,,,,,,,,,,,,,,,,,3.0,5.0,3.0,8.0,2.7,,,,,,,,,
85051847,Jaylyn Jones,77270162.0,SAF,SAF/STAR (OOS),https://www.maxpreps.com/fl/hollywood/mcarthur-mustangs/athletes/jaylyn-jones/football/stats/?careerid=2a9i73511gr66,,,,,,,,,,,,,,,,,,,,,,,,,,,,,10.0,20.0,7.0,27.0,2.7,1.0,,,,,,,,
85067868,Jernard Albright,106369874.0,SAF,SAF/STAR (OOS),https://www.maxpreps.com/ga/springfield/effingham-county-rebels/athletes/jernard-albright/football/stats/?careerid=uklq9cbum88td,,,,,,,,,,,,,,,,,,,,,,,,,,,,,3.0,9.0,8.0,17.0,5.7,3.0,3.0,1.0,,0.3,,,,
85059523,Kamarui Dorsey,98299411.0,SAF,SAF/STAR (OOS),https://www.maxpreps.com/ga/hampton/hampton-hornets/athletes/kamarui-dorsey/football/stats/?careerid=0cv60346e9uh1,,,,,,,,,,,,,,,,,,,,,,,,,,,,,3.0,9.0,18.0,27.0,9.0,,,,,,,,,
85055146,Gavin Williams,77274567.0,SAF,SAF/STAR (OOS),https://www.maxpreps.com/ca/la-verne/damien-spartans/athletes/gavin-williams/football/stats/?careerid=q8lglg0u73uk4,,,,,,,,,,,,,,,,,,,,,,,,,,,,,3.0,10.0,2.0,12.0,4.0,2.0,3.0,1.0,0.0,0.3,,,,
85064483,Jayden Aparicio-Bailey,100247103.0,SAF,SAF/STAR (OOS),https://www.maxpreps.com/al/prattville/prattville-lions/athletes/jayden-aparicio-bailey/football/stats/?careerid=29tcj4d8srrk4,,,,,,,,,,,,,,,,,,,,,,,,,,,,,3.0,10.0,2.0,12.0,4.0,3.5,,,,,,,,
85050205,Bode Sparrow,77269008.0,SAF,SAF/STAR (OOS),https://www.maxpreps.com/ut/kaysville/davis-darts/athletes/bode-sparrow/football/stats/?careerid=1nm0i07c3rebb,,,,,,,,,,,,,,,,,,,,,,,,,,,,,5.0,14.0,15.0,29.0,5.8,3.0,,,,,,,,
85058866,Dillon Davis,84080860.0,SAF,SAF/STAR (OOS),https://www.maxpreps.com/ca/bellflower/st-john-bosco-braves/athletes/dillon-davis/football/stats/?careerid=2euub1fhilbvf,,,,,,,,,,,,,,,,,,,,,,,,,,,,,3.0,6.0,1.0,7.0,2.3,,,,,,,,,
85059529,Jeremiah Proctor,79150065.0,SAF,SAF/STAR (OOS),https://www.maxpreps.com/ga/gainesville/gainesville-red-elephants/athletes/jeremiah-proctor/football/stats/?careerid=ffqb7v084t7o8,,,,,,,,,,,,,,,,,,,,,,,,,,,,,7.0,18.0,4.0,22.0,3.1,,,,,,,,,
85063274,Chance Gilbert,84080703.0,SAF,SAF/STAR (OOS),https://www.maxpreps.com/ga/sharpsburg/east-coweta-indians/athletes/chance-gilbert/football/stats/?careerid=3jhddbdpaaao8,,,,,,,,,,,,,,,,,,,,,,,,,,,,,4.0,5.0,5.0,10.0,2.5,,,,,,,,,
85048936,Myles Baker,84079693.0,SAF,SAF/STAR (OOS),https://www.maxpreps.com/ca/chatsworth/sierra-canyon-trailblazers/athletes/myles-baker/football/stats/?careerid=hq8r410r85oue,,,,,,,,,,,,,,,,,,,,,,,,,,,,,3.0,11.0,6.0,17.0,5.7,,11.0,1.0,7.0,0.1,,,,
85053197,Adryan Cole,77273714.0,SAF,SAF/STAR (OOS),https://www.maxpreps.com/ga/douglasville/douglas-county-tigers/athletes/adryan-cole/football/stats/?careerid=p49f76rmlf800,,,,,,,,,,,,,,,,,,,,,,,,,,,,,1.0,7.0,2.0,9.0,9.0,,11.0,1.0,12.0,0.1,,,,
